  [
    {
      "id": 0,
      "series": "Initial",
      "group": "1980",
      "x": 10,
      "y": 50,
      "z": 5
    },
    {
      "id": 1,
      "series": "Initial",
      "group": "1990",
      "x": 22,
      "y": 25,
      "z": 5
    },
    {
      "id": 2,
      "series": "Initial",
      "group": "2000",
      "x": 35,
      "y": 7,
      "z": 12
    },
    {
      "id": 3,
      "series": "Initial",
      "group": "2010",
      "x": 20,
      "y": 40,
      "z": 12
    },
    {
      "id": 4,
      "series": "Initial",
      "group": "2020",
      "x": 15,
      "y": 18,
      "z": 14
    },
    {
      "id": 5,
      "series": "Qualification",
      "group": "1980",
      "x": 47,
      "y": 15,
      "z": 8
    },
    {
      "id": 6,
      "series": "Qualification",
      "group": "1990",
      "x": 43,
      "y": 61,
      "z": 10
    },
    {
      "id": 7,
      "series": "Qualification",
      "group": "2000",
      "x": 63,
      "y": 33,
      "z": 7
    },
    {
      "id": 8,
      "series": "Qualification",
      "group": "2010",
      "x": 55,
      "y": 55,
      "z": 25
    },
    {
      "id": 9,
      "series": "Qualification",
      "group": "2020",
      "x": 55,
      "y": 30,
      "z": 13
    },
    {
      "id": 10,
      "series": "Meeting",
      "group": "1980",
      "x": 5,
      "y": 35,
      "z": 10
    },
    {
      "id": 11,
      "series": "Meeting",
      "group": "1990",
      "x": 8,
      "y": 20,
      "z": 6
    },
    {
      "id": 12,
      "series": "Meeting",
      "group": "2000",
      "x": 40,
      "y": 20,
      "z": 11
    },
    {
      "id": 13,
      "series": "Meeting",
      "group": "2010",
      "x": 11,
      "y": 30,
      "z": 8
    },
    {
      "id": 14,
      "series": "Meeting",
      "group": "2020",
      "x": 5,
      "y": 60,
      "z": 7
    },
    {
      "id": 15,
      "series": "Proposal",
      "group": "1980",
      "x": 5,
      "y": 15,
      "z": 3
    },
    {
      "id": 16,
      "series": "Proposal",
      "group": "1990",
      "x": 10,
      "y": 10,
      "z": 8
    },
    {
      "id": 17,
      "series": "Proposal",
      "group": "2000",
      "x": 18,
      "y": 55,
      "z": 10
    },
    {
      "id": 18,
      "series": "Proposal",
      "group": "2010",
      "x": 25,
      "y": 48,
      "z": 15
    },
    {
      "id": 19,
      "series": "Proposal",
      "group": "2020",
      "x": 22,
      "y": 10,
      "z": 4
    },
    {
      "id": 20,
      "series": "Close",
      "group": "1980",
      "x": 55,
      "y": 17,
      "z": 12
    },
    {
      "id": 21,
      "series": "Close",
      "group": "1990",
      "x": 62,
      "y": 22,
      "z": 7
    },
    {
      "id": 22,
      "series": "Close",
      "group": "2000",
      "x": 62,
      "y": 48,
      "z": 20
    },
    {
      "id": 23,
      "series": "Close",
      "group": "2010",
      "x": 33,
      "y": 55,
      "z": 7
    },
    {
      "id": 24,
      "series": "Close",
      "group": "2020",
      "x": 27,
      "y": 61,
      "z": 11
    }
  ]