  [
    {
      "id": "e1",
      "title": "Oracle Application Express",
      "begin": "Jan 13, 2010",
      "description": "Jan 13, 2010",
      "series": "Oracle Events"
    },
    {
      "id": "e2",
      "title": "Larry Ellison on the Sun-Oracle Close",
      "begin": "Jan 27, 2010",
      "description": "Jan 27, 2010",
      "series": "Oracle Events"
    },
    {
      "id": "e3",
      "title": "Oracle Exadata: Consolidating Database Applications",
      "begin": "Jan 29, 2010",
      "description": "Jan 29, 2010",
      "series": "Oracle Events"
    },
    {
      "id": "e4",
      "title": "HRMall and PeopleSoft: Human Capital Delivered to the Boardroom",
      "begin": "Feb 4, 2010",
      "description": "Feb 4, 2010",
      "series": "Oracle Events"
    },
    {
      "id": "e5",
      "title": "Code Ninja Chronicles Episode 404",
      "begin": "Feb 5, 2010",
      "description": "Feb 5, 2010",
      "series": "Oracle Events"
    },
    {
      "id": "e6",
      "title": "Code Ninja Chronicles Episode 127.0.0.1",
      "begin": "Feb 16, 2010",
      "description": "Feb 16, 2010",
      "series": "Oracle Events"
    },
    {
      "id": "e7",
      "title": "Larry Ellison CEO, Oracle: OpenWorld",
      "begin": "Mar 10, 2010",
      "description": "Mar 10, 2010",
      "series": "Oracle Events"
    },
    {
      "id": "e8",
      "title": "Safra Catz, President, Oracle: OpenWorld",
      "begin": "Mar 10, 2010",
      "description": "Mar 10, 2010",
      "series": "Oracle Events"
    },
    {
      "id": "e9",
      "title": "Up Close: Interview with NZOUGs Lynne O'Donoghue",
      "begin": "Apr 21, 2010",
      "description": "Apr 21, 2010",
      "series": "Oracle Events"
    },
    {
      "id": "e10",
      "title": "Oracle OpenWorld 2009 Keynote Highlights",
      "begin": "Jun 15, 2010",
      "description": "Jun 15, 2010",
      "series": "Oracle Events"
    },
    {
      "id": "e11",
      "title": "Data Warehousing Best Practices Star Schemas",
      "begin": "Jul 15, 2010",
      "description": "Jul 15, 2010",
      "series": "Oracle Events"
    },
    {
      "id": "e12",
      "title": "Eliminate Idle Redundancy in Your Data Center",
      "begin": "Aug 27, 2010",
      "description": "Aug 27, 2010",
      "series": "Oracle Events"
    },
    {
      "id": "e13",
      "title": "Stronger Together: Up Close Interview with Ecuador's Paola Pullas",
      "begin": "Aug 10, 2010",
      "description": "Aug 10, 2010",
      "series": "Oracle Events"
    },
    {
      "id": "e14",
      "title": "NetBeans IDE 6.7",
      "begin": "Jul 30, 2010",
      "description": "Jul 30, 2010",
      "series": "Oracle Events"
    },
    {
      "id": "e15",
      "title": "NetBeans IDE 6.8",
      "begin": "Dec 10, 2010",
      "description": "Dec 10, 2010",
      "series": "Oracle Events"
    },
    {
      "id": "e16",
      "title": "Java SE 7",
      "begin": "Jul 28, 2011",
      "description": "Jul 28, 2011",
      "series": "Oracle Events"
    }
  ]