  [
    {
      "id": 0,
      "series": "Initial",
      "group": "1980",
      "value":74
    },
    {
      "id": 1,
      "series": "Initial",
      "group": "1990",
      "value":62
    },
    {
      "id": 2,
      "series": "Initial",
      "group": "2000",
      "value":70
    },
    {
      "id": 3,
      "series": "Initial",
      "group": "2010",
      "value":76
    },
    {
      "id": 4,
      "series": "Initial",
      "group": "2020",
      "value":66
    },
    {
      "id": 5,
      "series": "Qualification",
      "group": "1980",
      "value":50
    },
    {
      "id": 6,
      "series": "Qualification",
      "group": "1990",
      "value":38
    },
    {
      "id": 7,
      "series": "Qualification",
      "group": "2000",
      "value":46
    },
    {
      "id": 8,
      "series": "Qualification",
      "group": "2010",
      "value":54
    },
    {
      "id": 9,
      "series": "Qualification",
      "group": "2020",
      "value":42
    },
    {
      "id": 10,
      "series": "Meeting",
      "group": "1980",
      "value":34
    },
    {
      "id": 11,
      "series": "Meeting",
      "group": "1990",
      "value":22
    },
    {
      "id": 12,
      "series": "Meeting",
      "group": "2000",
      "value":30
    },
    {
      "id": 13,
      "series": "Meeting",
      "group": "2010",
      "value":32
    },
    {
      "id": 14,
      "series": "Meeting",
      "group": "2020",
      "value":26
    },
    {
      "id": 15,
      "series": "Proposal",
      "group": "1980",
      "value":18
    },
    {
      "id": 16,
      "series": "Proposal",
      "group": "1990",
      "value":6
    },
    {
      "id": 17,
      "series": "Proposal",
      "group": "2000",
      "value":14
    },
    {
      "id": 18,
      "series": "Proposal",
      "group": "2010",
      "value":22
    },
    {
      "id": 19,
      "series": "Proposal",
      "group": "2020",
      "value":19
    },
    {
      "id": 20,
      "series": "Close",
      "group": "1980",
      "value":3
    },
    {
      "id": 21,
      "series": "Close",
      "group": "1990",
      "value":2
    },
    {
      "id": 22,
      "series": "Close",
      "group": "2000",
      "value":3
    },
    {
      "id": 23,
      "series": "Close",
      "group": "2010",
      "value":3
    },
    {
      "id": 24,
      "series": "Close",
      "group": "2020",
      "value":2
    }
  ]