  [
    {
      "id":"1",
      "name": "Task 1",
      "start": "2016-01-04T00:00:00.000Z",
      "end": "2016-01-10T00:00:00.000Z",
      "progress": "2016-01-08T00:00:00.000Z",
      "description":"Label 1"
    },
    {
      "id":"2",
      "name": "Task 2",
      "start": "2016-01-10T00:00:00.000Z",
      "end": "2016-01-17T00:00:00.000Z",
      "progress": "2016-01-15T00:00:00.000Z",
      "description":"Label 2"
    },
    {
      "id":"3",
      "name": "Task 3",
      "start": "2016-01-18T00:00:00.000Z",
      "end": "2016-01-25T00:00:00.000Z",
      "progress": "2016-01-24T00:00:00.000Z",
      "description":"Label 3"
    },
    {
      "id":"4",
      "name": "Task 4",
      "start": "2016-01-30T00:00:00.000Z",
      "end": "2016-02-05T00:00:00.000Z",
      "progress": "2016-02-02T00:00:00.000Z",
      "description":"Label 4"
    },
    {
      "id":"5",
      "name": "Task 5",
      "start": "2016-02-07T00:00:00.000Z",
      "end": "2016-02-14T00:00:00.000Z",
      "progress": "2016-02-08T00:00:00.000Z",
      "description":"Label 5"
    },
    {
      "id":"6",
      "name": "Task 6",
      "start": "2016-02-15T00:00:00.000Z",
      "end": "2016-02-17T00:00:00.000Z",
      "progress": "2016-02-16T00:00:00.000Z",
      "description":"Label 6"
    },
    {
      "id":"7",
      "name": "Task 7",
      "start": "2016-02-18T00:00:00.000Z",
      "end": "2016-02-28T00:00:00.000Z",
      "progress": "2016-02-28T00:00:00.000Z",
      "description":"Label 7"
    },
    {
      "id":"8",
      "name": "Task 8",
      "start": "2016-03-01T00:00:00.000Z",
      "end": "2016-03-03T00:00:00.000Z",
      "progress": "2016-03-01T00:00:00.000Z",
      "description":"Label 8"
    },
    {
      "id":"9",
      "name": "Task 9",
      "start": "2016-03-03T00:00:00.000Z",
      "end": "2016-03-05T00:00:00.000Z",
      "progress": "2016-03-04T00:00:00.000Z",
      "description":"Label 9"
    },
    {
      "id":"10",
      "name": "Task 10",
      "start": "2016-03-05T00:00:00.000Z",
      "end": "2016-03-10T00:00:00.000Z",
      "progress": "2016-03-07T00:00:00.000Z",
      "description":"Label 10"
    }
  ]